"country","region","last_obs_year","last_obs_mcpr","prob_ever_reach_40","projected_year_reach_40_p50","projected_year_reach_40","projected_year_reach_40_p05","projected_year_reach_40_p95","projected_years_from_latest_to_40","required_growth_to_40_10y","model_dpdt_2025_mean","model_dpdt_2025_p05","model_dpdt_2025_p95","model_dpdt_lastobs_mean","model_dpdt_lastobs_p05","model_dpdt_lastobs_p95","latest_obs_interval_growth","mean_obs_interval_growth","max_obs_interval_growth","min_obs_interval_growth","n_intervals","investment_phase","leverage","K_mean","t0_year_mean","years_since_t0_2026","dpdt_mean_2026","s_curve_stage","last_obs_rel_sat_mean","years_since_t0_lastobs_mean","target40_status","required_growth_pp_per_year","latest_obs_interval_growth_pp_per_year","max_obs_interval_growth_pp_per_year","model_dpdt_2025_pp_per_year","model_dpdt_lastobs_pp_per_year","model_dpdt_2026_pp_per_year","p2025_mean","p2025_p05","p2025_p95","prob_reach_40_by_2035","p2026_mean","K_p05","K_p95","s_curve_stage_2026","women_15_49","weight_share_ssa","target_gap_pp","target_gap_p2025_pp","target_gap_p2026_pp","projected_reach_40_by_2036","crossing_label","required_growth_from_lastobs_pp_per_year","required_growth_from_p2025_pp_per_year","required_growth_from_p2026_pp_per_year","growth_gap_vs_latest_obs_pp","growth_gap_vs_model_pp","women_15_49_millions","contribution_2026_pp","contribution_2035_pp","delta_contribution_pp","marginal_lift_if40_pp","marginal_lift_if40_p05","marginal_lift_if40_p95","expected_goal_contribution_pp","corr_with_regional_2035"
"Cote d'Ivoire","West Africa",2021,0.190186155243145,0,NA,NA,NA,NA,NA,0.0209813844756855,0.00376767560247101,0.0032144914947362,0.00438074689955533,0.00433998624148625,0.00377749255615224,0.00495138107647598,0.00566797879257944,0.00631429431720999,0.0103499627389293,0.00292494142012121,3,"Build / monitor",0.422372528616025,0.269058087099917,2010,16.0581408688286,0.00361653990256557,"Stage 2: diffusion",0.707811836763035,11.0581408688287,"Not projected to cross",2.09813844756855,0.566797879257944,1.03499627389293,0.376767560247101,0.433998624148625,0.361653990256557,0.204494193621038,0.196978128332207,0.212242327148224,0,0.208186434601377,0.250608924206134,0.289416399072344,"Stage 2: diffusion",7534743,0.0267454778483256,20.9813844756855,19.5505806378962,19.1813565398624,FALSE,"Not projected",2.09813844756855,1.95505806378962,1.91813565398624,1.53134056831061,1.66413982341993,7.534743,4.20531805662054,4.7541185511054,0.548800494484852,-0.192424495312937,-0.417963186465316,0.0246233274622916,0,0.807436730873427
"Kenya","East/Southern Africa",2022,0.419868867938313,1,2022,2022,2022,2022,0,0,0.00093662308753971,0.000875253656262234,0.00099997019862646,0.00139407184157761,0.00130403760833037,0.00148679100056384,0.003566606207968,0.00863292291446321,0.0186227028491478,-0.0017648051211888,6,"Build / monitor",0.0771071800208117,0.412878530000999,1996,30.4862692729657,0.000819203128783491,"Stage 3: plateau",1.01696272234972,26.4862692729658,"Already crossed",0,0.3566606207968,1.86227028491478,0.093662308753971,0.139407184157761,0.0819203128783491,0.405989449664059,0.401758094748371,0.410171915763793,1,0.40686609539319,0.408327177466437,0.417408400775168,"Stage 3: plateau",14493524,0.0514465092022615,-1.9868867938313,-0.598944966405912,-0.686609539318989,TRUE,"Already crossed (2022)",0,0,0,-0.3566606207968,-0.139407184157761,14.493524,0.703037471291197,1.00289149345075,0.299854022159558,-0.209813852506783,-0.24916626588238,-0.161931291543494,-0.209813852506783,0.138521285242022
"Burundi","East/Southern Africa",2016,0.14574983802506,0,NA,NA,NA,NA,NA,0.025425016197494,0.00217597949756155,0.00153473901558847,0.00295970549545705,0.00505971751149724,0.00392587853794176,0.00629903277612879,0.0059531142541805,0.00514530997685977,0.0059531142541805,0.00433750569953904,2,"Build / monitor",0.204474505723205,0.194933208869999,2008,17.9560837934275,0.00193991888047529,"Stage 2: diffusion",0.749397819410559,7.95608379342764,"Not projected to cross",2.5425016197494,0.59531142541805,0.59531142541805,0.217597949756155,0.505971751149724,0.193991888047529,0.177632813074092,0.165915400229808,0.1911852424114,0,0.179689009231154,0.178123611673075,0.215132088777068,"Stage 3: plateau",3219890,0.0114293873950372,25.425016197494,22.2367186925908,22.0310990768846,FALSE,"Not projected",2.5425016197494,2.22367186925908,2.20310990768846,1.94719019433135,2.03652986859968,3.21989,0.442102453741482,0.650905538742611,0.208803085001129,0.156873920186685,0.11258511706253,0.228891720060713,0,0.223330468077698
"Comoros","East/Southern Africa",2012,0.0985179320706266,0,NA,NA,NA,NA,NA,0.0301482067929373,7.18246357400405e-05,1.21730265536337e-05,0.000143333580103147,0.00040808937263351,7.27553674965742e-05,0.000786422840989168,0.00130081337736498,0.00130081337736498,0.00130081337736498,0.00130081337736498,1,"Maintain / equity",0.00936524453694069,0.101012418535914,1986,40.0517361539066,6.26483904470857e-05,"Stage 3: plateau",0.977899199451259,26.0517361539067,"Not projected to cross",3.01482067929373,0.130081337736498,0.130081337736498,0.00718246357400406,0.040808937263351,0.00626483904470857,0.10048976200758,0.0909476232441009,0.110472794091889,0,0.100556895238676,0.0911235309636631,0.111556231723772,"Stage 3: plateau",209366,0.000743169835413435,30.1482067929373,29.951023799242,29.9443104761324,FALSE,"Not projected",3.01482067929373,2.9951023799242,2.99443104761324,2.88473934155724,2.97401174203038,0.209366,2.47844439437012,2.62258950477715,0.144145110407033,5.08381397608573,5.01691508442669,5.14969709816209,0,0.244251637161364
"Angola","East/Southern Africa",2023,0.139111969545999,0,NA,NA,NA,NA,NA,0.0260888030454001,0.000800344459456145,0.000246958468737626,0.00137316146346378,0.00102515499525715,0.000322933368616216,0.00173461604111159,0.00180701400605037,0.00180701400605037,0.00180701400605037,0.00180701400605037,1,"Build / monitor",0.0724245577523413,0.146503510560834,2002,24.3915812762166,0.000705334349007741,"Stage 3: plateau",0.95084972052081,21.3915812762167,"Not projected to cross",2.60888030454001,0.180701400605037,0.180701400605037,0.0800344459456145,0.102515499525715,0.0705334349007741,0.140435545839914,0.13373770243926,0.147204152477988,0,0.141187482497121,0.135955536956422,0.157334152651608,"Stage 3: plateau",8482273,0.0301088497145756,26.0888030454001,25.9564454160086,25.8812517502879,FALSE,"Not projected",2.60888030454001,2.59564454160086,2.58812517502879,2.42817890393497,2.5063648050143,8.482273,0.379479621273639,0.485913266377741,0.106433645104102,0.273411033694521,0.245034903737589,0.300427483159059,0,0.0781242518444109
"Tanzania","East/Southern Africa",2022,0.25425034401086,0,NA,NA,NA,NA,NA,0.014574965598914,0.00109904413534283,0.00100616937250774,0.00119803870796771,0.00161561893640513,0.00148224360118266,0.0017576054175269,-0.00242275722052728,0.00768732445298465,0.0146193458454103,-0.00242275722052728,6,"Build / monitor",0.0946930280957336,0.283327700066551,2000,26.428341284035,0.000964311874629547,"Stage 3: plateau",0.897475191236571,22.4283412840351,"Not projected to cross",1.4574965598914,-0.242275722052728,1.46193458454103,0.109904413534283,0.161561893640513,0.0964311874629547,0.275142173231849,0.269725286951718,0.280596189831145,0,0.276172469700924,0.277337651906011,0.289411501452715,"Stage 3: plateau",16123372,0.0572318509956229,14.574965598914,12.4857826768151,12.3827530299076,FALSE,"Not projected",1.4574965598914,1.24857826768151,1.23827530299076,1.69977228194413,1.29593466625089,16.123372,0.265873057006919,0.371767831919933,0.105894774913014,-0.0688454943604059,-0.0945128333472805,-0.0374891175781989,0,0.122451335712929
"Chad","Central Africa",2014,0.0484411769242257,0,NA,NA,NA,NA,NA,0.0351558823075774,0.000585027788093538,0.000370681155293248,0.00089303899010967,0.00220529463731607,0.00162190335903903,0.00289583336790012,0.00333385537315759,0.00186747089263162,0.00333385537315759,0.000401086412105643,2,"Build / monitor",0.0713839750260146,0.0658100619693086,2008,17.8584209150363,0.000502722827876659,"Stage 2: diffusion",0.739850749660359,5.85842091503618,"Not projected to cross",3.51558823075774,0.333385537315759,0.333385537315759,0.0585027788093538,0.220529463731607,0.0502722827876659,0.0621496992733724,0.0550896725185697,0.0703617980455951,0,0.0626926645048721,0.0574568009622605,0.0759503640706428,"Stage 3: plateau",4362604,0.0154855883794599,35.1558823075774,33.7850300726628,33.7307335495128,FALSE,"Not projected",3.51558823075774,3.37850300726628,3.37307335495128,3.18220269344198,3.29505876702614,4.362604,0.585723499816914,0.663900917205608,0.0781774173886937,-0.147475298815314,-0.174304925277681,-0.122073819354416,0,0.108335484223199
"Mozambique","East/Southern Africa",2022,0.250311161307126,0,NA,NA,NA,NA,NA,0.0149688838692874,0.000901081072685193,0.000788722151482696,0.00102187976169334,0.00132422133239476,0.00116297607794973,0.00149724506347608,0.0117732958764442,0.00898011020084621,0.0270803701212213,-0.0119133353951269,3,"Build / monitor",0.082414151925078,0.230421677315708,2000,26.3744501624578,0.000790676669639767,"Stage 3: plateau",1.08658056483233,22.3744501624578,"Not projected to cross",1.49688838692874,1.17732958764442,2.70803701212213,0.0901081072685193,0.132422133239476,0.0790676669639767,0.223708537149492,0.217450500520235,0.230149594783982,0,0.224553285355685,0.223471042526791,0.237579417180642,"Stage 3: plateau",8108243,0.0287811851771641,14.9688838692874,17.6291462850508,17.5446714644315,FALSE,"Not projected",1.49688838692874,1.76291462850508,1.75446714644315,0.319558799284322,1.36446625368926,8.108243,0.34770787829711,0.424822389786634,0.0771145114895239,0.21606797201805,0.197606007377719,0.233796746115159,0,0.0672753495047108
"Ethiopia","East/Southern Africa",2019,0.280777731318228,1,2030.7729419963,2031.09683184471,2028.08485581676,2035.83551160667,12.096831844706,0.0119222268681772,0.00905038410413696,0.00808151526547891,0.0101138643247723,0.0135981935303759,0.0125271133612239,0.0147422216652662,0.010715296324032,0.0120160319305042,0.0150356694038053,0.00998295561959984,4,"Scale-up",0.556503642039542,0.440127833324103,2014,11.8917952615211,0.0082658199036239,"Stage 2: diffusion",0.638401727164673,4.89179526152109,"Projected to cross by 2035",1.19222268681772,1.0715296324032,1.50356694038053,0.905038410413696,1.35981935303759,0.82658199036239,0.360094458845448,0.347496971007227,0.372799176239535,0.956833333333333,0.368750556717464,0.418104587778147,0.463331945542605,"Stage 3: plateau",32128041,0.114042351394811,11.9222268681772,3.99055411545516,3.12494432825355,TRUE,"By 2035 (~2031)",1.19222268681772,0.399055411545516,0.312494432825355,0.120693054414522,-0.167596666219867,32.128041,0.744306779860186,0.816068576745463,0.0717617968852762,0.407441435550032,0.375340173367839,0.437822371949333,0.389853546915456,0.133029189234069
"Lesotho","East/Southern Africa",2023,0.532158420005745,1,2023,2023,2023,2023,0,0,0.00461978200548523,0.00419299898212088,0.00508797493954171,0.00586325065211516,0.00533623351528179,0.0064368747984019,0.00520700740349433,0.015671134054484,0.027310736836579,0.00520700740349433,3,"Build / monitor",0.311342351716962,0.588740302673502,2005,20.8574868472383,0.00408682288066791,"Stage 3: plateau",0.90403760028599,17.8574868472382,"Already crossed",0,0.520700740349433,2.7310736836579,0.461978200548523,0.586325065211516,0.408682288066791,0.553176332949136,0.541681580991678,0.564816295361863,1,0.557524933521979,0.574208200320305,0.603699280662652,"Stage 3: plateau",638077,0.00226493116872414,-13.2158420005745,-15.3176332949136,-15.7524933521979,TRUE,"Already crossed (2023)",0,0,0,-0.520700740349433,-0.586325065211516,0.638077,0.5568045674953,0.627669549866294,0.0708649823709943,0.442149564066729,0.408018806015848,0.4741059397195,0.442149564066729,0.130386025737547
"Nigeria","West Africa",2024,0.13104165101535,0,NA,NA,NA,NA,NA,0.026895834898465,0.00115480784156804,0.00101091944231043,0.00130529148744153,0.00122386757944973,0.00107370330720207,0.00138043654547789,0.00431898191134883,0.00229416847711053,0.00431898191134883,-0.0012726000592774,5,"Build / monitor",0.163683662851197,0.144556741424995,1999,27.2179391384043,0.00108830490070893,"Stage 3: plateau",0.90675495162832,25.2179391384042,"Not projected to cross",2.6895834898465,0.431898191134883,0.431898191134883,0.115480784156804,0.122386757944973,0.108830490070893,0.127522036307101,0.124993677042567,0.130009321536706,0,0.128643375630398,0.140007153726736,0.149202707364598,"Stage 3: plateau",54276250,0.192660087021572,26.895834898465,27.2477963692899,27.1356624369602,FALSE,"Not projected",2.6895834898465,2.72477963692899,2.71356624369602,2.25768529871162,2.56719673190153,54.27625,1.01168841123889,1.06363616463024,0.0519477533913465,0.0284216054000096,0.00332174656846432,0.0541598691615399,0,0.0567496997413768
"Senegal","West Africa",2023,0.174527653745172,0,NA,NA,NA,NA,NA,0.0225472346254828,0.0061822400465798,0.00559614958654548,0.00678357454031696,0.00637503885189226,0.00582276085430269,0.00693716998976236,-0.00112460417094599,0.00600060576428707,0.023032215353686,-0.00675990237311,12,"Scale-up",0.668574401664932,0.341045309340814,2019,7.31041422008661,0.00606253996243052,"Stage 2: diffusion",0.512365232013002,4.31041422008652,"Not projected to cross",2.25472346254828,-0.112460417094599,2.3032215353686,0.61822400465798,0.637503885189226,0.606253996243052,0.210891912374809,0.205667153425029,0.21619185971285,0,0.217015514053292,0.318711250380415,0.36511580041467,"Stage 2: diffusion",4513795,0.0160222590451171,22.5472346254828,18.9108087625191,18.2984485946708,FALSE,"Not projected",2.25472346254828,1.89108087625191,1.82984485946708,2.36718387964288,1.61721957735905,4.513795,1.03670468629474,1.08291835274918,0.0462136664544364,-0.30575692593934,-0.319961295348698,-0.291214129447923,0,0.041002510047382
"Uganda","East/Southern Africa",2016,0.272883816057891,0,NA,NA,NA,NA,NA,0.0127116183942109,0.00174187859821849,0.00155562366273192,0.00195085707119037,0.00492479453445373,0.0044759059042058,0.00541481648171462,0.0132202351612526,0.00937968596354045,0.018153176693822,-0.00173344132769666,5,"Build / monitor",0.13267429760666,0.301948951773048,2003,23.3412734302299,0.00153421670403831,"Stage 3: plateau",0.903959738915504,13.3412734302299,"Not projected to cross",1.27116183942109,1.32202351612526,1.8153176693822,0.174187859821849,0.492479453445373,0.153421670403831,0.288775038227519,0.280894362388043,0.296777807469355,0,0.290411094254987,0.292776611424762,0.311394013751452,"Stage 3: plateau",11900129,0.042240941271881,12.7116183942109,11.1224961772481,10.9588905745013,FALSE,"Not projected",1.27116183942109,1.11224961772481,1.09588905745013,-0.0508616767041703,0.778682385975716,11.900129,0.21057220616579,0.252430204923545,0.0418579987577549,0.0666586660043429,0.0236690216655389,0.100644323077933,0,0.131327909690572
"Namibia","East/Southern Africa",2013,0.497159535693403,1,2013,2013,2013,2013,0,0,0.00111653175923187,0.00100118961197567,0.0012395720608688,0.00518091841317203,0.0046965868101689,0.00569066543524993,0.005793100984614,0.0132163268110755,0.0195602162357304,0.005793100984614,3,"Build / monitor",0.0841311134235172,0.544428022037765,1995,31.2458615625512,0.000976150618112324,"Stage 3: plateau",0.913285668025002,18.2458615625513,"Already crossed",0,0.5793100984614,1.95602162357304,0.111653175923187,0.518091841317203,0.0976150618112324,0.536229097262933,0.525616607597328,0.547206177024792,1,0.537273913341357,0.533019517377524,0.556044337201533,"Stage 3: plateau",760368,0.0026990178033379,-9.7159535693403,-13.6229097262933,-13.7273913341357,TRUE,"Already crossed (2013)",0,0,0,-0.5793100984614,-0.518091841317203,0.760368,1.22672379771276,1.26102550304448,0.0343017053317136,0.428612147830766,0.39041820140345,0.466032019331357,0.428612147830766,0.129030285674905
"Rwanda","East/Southern Africa",2019,0.351298453354893,1,2021.70576164001,2021.71966581984,2021.08924761396,2022.42150622146,2.719665819837,0.0048701546645107,0.0113485197353903,0.010314637385584,0.0124424101634272,0.0169263541537545,0.0157829180048824,0.0181062357466194,0.018418731036531,0.0169650575937735,0.0448214132086965,-0.00648905683885355,6,"Scale-up",0.593132154006244,0.543600151978824,2014,11.7156361190866,0.0103743082936092,"Stage 2: diffusion",0.646569476805256,4.71563611908661,"Projected to cross by 2035",0.48701546645107,1.8418731036531,4.48214132086965,1.13485197353903,1.69263541537545,1.03743082936092,0.442815887271651,0.43006384293906,0.456205126950494,1,0.453675014529777,0.520600029891327,0.567959772796269,"Stage 3: plateau",3637189,0.0129106404597573,4.8701546645107,-4.28158872716514,-5.36750145297771,TRUE,"By 2035 (~2022)",0.48701546645107,0,0,-1.35485763720203,-1.20561994892438,3.637189,0.177033782996195,0.208799118408402,0.0317653354122063,0.267600553818226,0.243894748901922,0.287598557491949,0.267600553818226,0.102367243636485
"Gabon","Central Africa",2019,0.171286150617783,0,NA,NA,NA,NA,NA,0.0228713849382217,6.29124966803575e-06,1.62885443346885e-06,2.68855124221019e-05,1.73725931762364e-05,4.50386833872549e-06,7.41490366211936e-05,-0.00974809149770986,-0.00974809149770986,-0.00974809149770986,-0.00974809149770986,1,"Maintain / equity",0,0.202786477284566,1972,53.9383274115453,5.31086156414032e-06,"Stage 3: plateau",0.844844741936716,46.9383274115454,"Not projected to cross",2.28713849382217,-0.974809149770986,-0.974809149770986,0.000629124966803575,0.00173725931762364,0.000531086156414032,0.202749353287452,0.19688298116549,0.208619003610552,0,0.202755140520176,0.196898862675144,0.208670616817735,"Stage 3: plateau",609699,0.00216420003955626,22.8713849382217,19.7250646712548,19.7244859479824,FALSE,"Not projected",2.28713849382217,1.97250646712548,1.97244859479824,3.26194764359316,2.28540123450455,0.609699,1.58058616350165,1.609522124074,0.0289359605723515,0.679751915750916,0.645838051073467,0.713194913008611,0,0.111003505742019
"Zambia","East/Southern Africa",2024,0.384288593842627,0.268833333333333,2043.00049867124,2044.52945233216,2033.13737316047,2065.04389944265,20.5294523321628,0.0015711406157373,0.00238298502594716,0.00221838698158815,0.00255279966250915,0.00269985083042935,0.00251536726168777,0.00288988485933101,0.00722676268579133,0.00973364291166952,0.0131477347725043,0.0032825741925928,6,"Build / monitor",0.18480749219563,0.397872021996217,2003,23.0367392709222,0.00209982045807019,"Stage 3: plateau",0.965932161780089,21.0367392709223,"Projected to cross after 2035",0.15711406157373,0.722676268579133,1.31477347725043,0.238298502594716,0.269985083042935,0.209982045807019,0.379817284864847,0.374158713941148,0.385622574628011,0.0211666666666667,0.382055993748573,0.39127038064133,0.40473359340959,"Stage 3: plateau",5217546,0.018520307987362,1.5711406157373,2.0182715135153,1.79440062514268,FALSE,"After 2035 (~2043)",0.15711406157373,0.20182715135153,0.179440062514268,-0.565562207005402,-0.112871021469205,5.217546,0.165618800679476,0.192569923986969,0.0269511233074924,0.307021690405295,0.281680129053259,0.328708068912818,0.00649862578024542,0.103956166924848
"Ghana","West Africa",2022,0.234376863828137,0,NA,NA,NA,NA,NA,0.0165623136171863,0.00345837670664249,0.00306498355637634,0.00388128260737255,0.00396009087145457,0.00354006749971475,0.0044081273090864,0.00659205819770813,0.00533375329676226,0.0092219967514338,-0.0035642059396894,6,"Build / monitor",0.36576482830385,0.29535843606745,2006,20.0995195976843,0.00329341785114794,"Stage 2: diffusion",0.794013282323144,16.0995195976843,"Not projected to cross",1.65623136171863,0.659205819770813,0.92219967514338,0.345837670664249,0.396009087145457,0.329341785114794,0.239959200806846,0.232948243972656,0.247123864221908,0,0.243334920803386,0.281374779990167,0.30993443347475,"Stage 3: plateau",8617189,0.0305877503073874,16.5623136171863,16.0040799193154,15.6665079196614,FALSE,"Not projected",1.65623136171863,1.60040799193154,1.56665079196614,0.997025541947818,1.26022227457317,8.617189,2.09318403207339,2.11511058243577,0.0219265503623728,-0.0572502143453077,-0.0800174301131491,-0.0342214197093696,0,0.0528312634605175
"Zimbabwe","East/Southern Africa",2015,0.478755957265201,1,2015,2015,2015,2015,0,0,0.000309227801607763,0.000272380897201622,0.000348046610262582,0.00119588770718103,0.0010570363476337,0.00134148107311249,0.0147190348819408,0.0077779233368192,0.0147190348819408,0.0029289436182526,5,"Maintain / equity",0.0234651404786681,0.443882295469354,1987,39.2043158398633,0.000269649719546711,"Stage 3: plateau",1.07863643557267,28.2043158398632,"Already crossed",0,1.47190348819408,1.47190348819408,0.0309227801607763,0.119588770718103,0.0269649719546711,0.441634419932055,0.43492003585917,0.448573791861112,1,0.441923411482058,0.436999338673929,0.45104795536906,"Stage 3: plateau",4309145,0.0152958292197521,-7.8755957265201,-4.1634419932055,-4.19234114820579,TRUE,"Already crossed (2015)",0,0,0,-1.47190348819408,-0.119588770718103,4.309145,0.707579467264122,0.728185869535274,0.0206064022711527,0.0126264499592046,0.000364851078371582,0.0243741691598146,0.0126264499592046,0.0437467401943749
"Madagascar","East/Southern Africa",2021,0.340949162587376,0.337333333333333,2043.42188357267,2045.24850185682,2034.11183112385,2067.41027220658,24.2485018568203,0.0059050837412624,0.00395520426768822,0.00365163827670187,0.00426345754427681,0.00614727467862153,0.00571199293189963,0.00658303949934936,0.00854018003357369,0.0120496092395379,0.0223580435822247,0.00770880708624908,4,"Build / monitor",0.291363163371488,0.397858342573024,2007,18.870113737617,0.00351495683241048,"Stage 3: plateau",0.857100200457026,13.8701137376169,"Projected to cross after 2035",0.59050837412624,0.854018003357369,2.23580435822247,0.395520426768822,0.614727467862153,0.351495683241048,0.36683067266,0.359011193210373,0.374429782279506,0.0155,0.37056223178042,0.387788980739763,0.407740318471862,"Stage 3: plateau",7691370,0.0273014442507563,5.9050837412624,3.31693273400002,2.94377682195805,FALSE,"After 2035 (~2043)",0.59050837412624,0.331693273400002,0.294377682195805,-0.263509629231129,-0.0242190937359131,7.69137,0.136060808379117,0.155550057906181,0.019489249527064,0.0358325562111611,0.0223128027361503,0.0478288863768238,0.000555404621272996,0.0519723493437753
"Malawi","East/Southern Africa",2024,0.5296723957499,1,2024,2024,2024,2024,0,0,0.00498924171591449,0.00472894730118258,0.00524896960574962,0.00561481913242499,0.00532649807874826,0.00590177651188693,0.00868525458934378,0.0144090835122321,0.0250521764164566,0.002218946345707,5,"Build / monitor",0.342247658688866,0.567611911336274,2006,19.9097193543789,0.00442258593204547,"Stage 3: plateau",0.933206664140332,17.9097193543789,"Already crossed",0,0.868525458934378,2.50521764164566,0.498924171591449,0.561481913242499,0.442258593204547,0.528884130834463,0.522723516345705,0.534953857431755,1,0.533585250390154,0.559622388294962,0.575472461476259,"Stage 3: plateau",5473553,0.019429035670246,-12.96723957499,-12.8884130834462,-13.3585250390154,TRUE,"Already crossed (2024)",0,0,0,-0.868525458934378,-0.561481913242499,5.473553,0.0381292899839196,0.0564542176140225,0.0183249276301028,0.0365750870833774,0.0336563423819454,0.040277821808682,0.0365750870833774,0.0473275206639136
"Togo","West Africa",2013,0.167395012737612,0.416333333333333,2053.0340493685,2056.13065242674,2037.45899880273,2092.68946417851,43.1306524267425,0.0232604987262388,0.0068856891788472,0.00501177846497638,0.0093382374655685,0.00739243402542851,0.0062223518628751,0.00869767302256639,0.00591781016525635,0.00517898857175699,0.00591781016525635,0.00444016697825762,2,"Scale-up",0.689906347554631,0.395924455365838,2017,9.30830628124659,0.00672221149047447,"Stage 2: diffusion",0.427795211743926,-3.69169371875343,"Projected to cross after 2035",2.32604987262388,0.591781016525635,0.591781016525635,0.68856891788472,0.739243402542851,0.672221149047447,0.257161738058822,0.232160016870073,0.286189494304295,0.00283333333333333,0.263966844789618,0.323739693821268,0.49681321141938,"Stage 2: diffusion",2247345,0.00797722177319721,23.2604987262388,14.2838261941178,13.6033155210383,FALSE,"After 2035 (~2053)",2.32604987262388,1.42838261941178,1.36033155210383,1.73426885609824,1.58680647008103,2.247345,0.829828497747751,0.844706385686951,0.0148778879392001,2.50056440404869,2.46744018611017,2.53305872425059,0.00708493247813795,0.130993504426074
"Mali","West Africa",2023,0.180591149097891,0.014,2079.62784194532,2082.75107149653,2062.53708384531,2108.20296311979,59.7510714965256,0.0219408850902109,0.00679072697167618,0.00606103133689939,0.00756772948585686,0.00683850076915174,0.00617646683403385,0.0075284654972926,0.0052866972603728,0.00453369558684571,0.00974714658311098,-0.00135966606201942,6,"Scale-up",0.733506763787721,0.356354754363702,2023,3.2426642923358,0.0067373350007403,"Stage 2: diffusion",0.508051824654033,0.242664292335698,"Projected to cross after 2035",2.19408850902109,0.52866972603728,0.974714658311098,0.679072697167618,0.683850076915174,0.67373350007403,0.193138209888372,0.186807449720821,0.199693077291562,0,0.199903846742439,0.32365255253492,0.393739253104679,"Stage 2: diffusion",5347926,0.0189831075018066,21.9408850902109,20.6861790111628,20.0096153257561,FALSE,"After 2035 (~2080)",2.19408850902109,2.06861790111628,2.00096153257561,1.66541878298381,1.51023843210592,5.347926,0.205373529713328,0.217474839419547,0.0121013097062191,0.239700656381942,0.218755260443956,0.257163000932217,0,0.0476745294052254
"Congo","Central Africa",2011,0.222894903296517,0.0296666666666667,2031.82810978969,2033.30217649468,2023.97642517345,2050.57774214128,22.3021764946759,0.0177105096703483,0.00295430286680212,0.00198919848163446,0.00424421171632309,0.0138821153102802,0.0112047002021791,0.0167423895375627,0.0146407981276373,0.0146407981276373,0.0146407981276373,0.0146407981276373,1,"Build / monitor",0.203433922996878,0.353148396450119,2008,18.2198029830467,0.00253537243697577,"Stage 2: diffusion",0.633829957593096,3.21980298304678,"Projected to cross by 2035",1.77105096703483,1.46407981276373,1.46407981276373,0.295430286680212,1.38821153102802,0.253537243697577,0.334745629373388,0.299519902057011,0.375784632188964,0.0213333333333333,0.337485740043589,0.31190122818197,0.402329227541705,"Stage 3: plateau",1477884,0.00524592727109535,17.7105096703483,6.52543706266124,6.25142599564115,TRUE,"By 2035 (~2032)",1.77105096703483,0.652543706266124,0.625142599564115,0.306971154271096,0.382839436006809,1.477884,0.646290968796253,0.658224547475817,0.0119335786795636,0.493022859610747,0.473068039169436,0.512474917071957,0.0105178210050293,0.0633227505521315
"Liberia","West Africa",2019,0.253048793498329,0.175,2060.87888273636,2064.5594549453,2043.5002825118,2107.03291166081,45.5594549453026,0.0146951206501671,0.00568487612864528,0.00452284535897828,0.00704649122635701,0.00674256115648092,0.00561578613514851,0.00798911623939928,0.00798536056370316,0.0083001641106491,0.0146558451497242,0.00225928661851997,3,"Scale-up",0.576899063475546,0.379816393168445,2012,14.3367173316024,0.00547884330499082,"Stage 2: diffusion",0.668497438545599,7.33671733160238,"Projected to cross after 2035",1.46951206501671,0.798536056370316,1.46558451497242,0.568487612864528,0.674256115648092,0.547884330499082,0.278792163357383,0.264089225354385,0.294747167824971,0,0.284374438099574,0.339877851452768,0.426948183039366,"Stage 2: diffusion",1347909,0.00478456535293356,14.6951206501671,12.1207836642617,11.5625561900426,FALSE,"After 2035 (~2061)",1.46951206501671,1.21207836642617,1.15625561900426,0.670976008646394,0.795255949368619,1.347909,0.425099269208507,0.436356794916183,0.0112575257076759,0.767997193666839,0.738915066211915,0.796373232974176,0,0.109261933473799
"Niger","West Africa",2012,0.109933234846429,0.998333333333333,2041.43124366943,2042.25910455608,2039.2953564656,2050.02375668795,30.2591045560832,0.0290066765153571,0.0105562257239049,0.00895737876612456,0.0114222982378305,0.00630773511206265,0.00589588023634221,0.00663094863130438,0.0107538934923814,0.00480555115966378,0.0107538934923814,0.000161557630552951,3,"Scale-up",0.902289281997919,0.613821143139582,2034,-7.58058656876779,0.0108050477421606,"Stage 1: initial",0.1805508007244,-21.5805865687678,"Projected to cross after 2035",2.90066765153571,1.07538934923814,1.07538934923814,1.05562257239049,0.630773511206265,1.08050477421606,0.208239828218284,0.193913799274091,0.219208464830861,0,0.21892235503363,0.484251465866286,0.682597539934292,"Stage 2: diffusion",5689196,0.0201944864732324,29.0066765153571,19.1760171781716,18.107764496637,FALSE,"After 2035 (~2041)",2.90066765153571,1.91760171781716,1.8107764496637,1.82527830229757,2.26989414032945,5.689196,0.177042564730046,0.183406925246456,0.00636436051640986,0.0264301655973585,0.00140334671222553,0.0474535380664479,0,0.0914993060999918
"Guinea","West Africa",2018,0.114285827113167,0,NA,NA,NA,NA,NA,0.0285714172886833,0.00294346982250239,0.00213972157627743,0.00392645207480551,0.0034293826591702,0.00270011200631772,0.00423982574801532,0.00731850809831205,0.00363289975141163,0.00731850809831205,0.000296674044628542,3,"Build / monitor",0.387877211238293,0.184470081546821,2014,12.4751764717464,0.00285051550504473,"Stage 2: diffusion",0.624446374651421,4.47517647174648,"Not projected to cross",2.85714172886833,0.731850809831205,0.731850809831205,0.294346982250239,0.34293826591702,0.285051550504473,0.129706023846532,0.119441343111941,0.140939997889494,0,0.132603347140601,0.156421052674113,0.220730733460852,"Stage 2: diffusion",3518627,0.0124897903598066,28.5714172886833,27.0293976153468,26.7396652859399,FALSE,"Not projected",2.85714172886833,2.70293976153468,2.67396652859399,2.12529091903713,2.51420346295131,3.518627,0.126275559927479,0.131228599174048,0.00495303924656971,-0.0406313524250827,-0.0438100576577734,-0.0375135413440073,0,0.00597593025123029
"Sierra Leone","West Africa",2019,0.239284596691412,1,2029.08159809062,2029.20470096747,2028.05878398013,2030.98857562669,10.2047009674666,0.0160715403308588,0.015190699275217,0.0130882624185469,0.0168654829354804,0.0133113825582967,0.012108717283733,0.0142339621336581,0.00508219195524317,0.0152268056506592,0.0253714193460751,0.00508219195524317,2,"Scale-up",0.933090530697191,0.819623666086235,2030,-3.63742505099526,0.0153799682683273,"Stage 2: diffusion",0.294127639865607,-10.6374250509953,"Projected to cross by 2035",1.60715403308588,0.508219195524317,2.53714193460751,1.5190699275217,1.33113825582967,1.53799682683273,0.335788749275946,0.321455245569714,0.347459250559008,1,0.351077519272969,0.683364351925494,0.943796247067357,"Stage 2: diffusion",2133484,0.00757305843898817,16.0715403308588,6.42112507240537,4.89224807270308,TRUE,"By 2035 (~2029)",1.60715403308588,0.642112507240537,0.489224807270308,1.09893483756156,0.276015777256212,2.133484,0.0970832796934023,0.100819339999629,0.0037360603062265,0.518604195178766,0.503436635158347,0.531164704296918,0.518604195178766,0.0299393967250066
"Burkina Faso","West Africa",2021,0.279405982804968,1,2028.71484652194,2028.75039412445,2028.11105031683,2029.60562706129,7.75039412445317,0.0120594017195032,0.0160478503612605,0.0148611459385741,0.0169924453523839,0.0146115301006978,0.0137963152017181,0.015258442522353,0.0124370705032564,0.00793980720819193,0.0124370705032564,0.00300695726022862,4,"Scale-up",0.964516129032258,0.884530673842804,2031,-5.19153173378254,0.0163168085494439,"Stage 2: diffusion",0.316640127852519,-10.1915317337825,"Projected to cross by 2035",1.20594017195032,1.24370705032564,1.24370705032564,1.60478503612605,1.46115301006978,1.63168085494439,0.338401213361867,0.329793951624756,0.346152335564135,1,0.354586958449312,0.796300454544225,0.960552845344961,"Stage 2: diffusion",5585651,0.0198269410235993,12.0594017195032,6.15987866381327,4.54130415506878,TRUE,"By 2035 (~2029)",1.20594017195032,0.615987866381327,0.454130415506878,-0.037766878375316,-0.255212838119458,5.585651,0.428316359947089,0.43107622880138,0.00275986885429123,0.553704627979098,0.540963460614835,0.56644356006362,0.553704627979098,0.0458353864023444
"South Africa","East/Southern Africa",2016,0.478773473282353,1,2016,2016,2016,2016,0,0,2.65226899965966e-05,1.98415480075298e-05,4.37809981480454e-05,9.18689470268749e-05,6.87671302472116e-05,0.000151477208956711,-0.000811745813016947,-0.000811745813016947,-0.000811745813016947,-0.000811745813016947,1,"Maintain / equity",0.00187304890738814,0.491951726498,1968,57.9442674232625,2.31001791997062e-05,"Stage 3: plateau",0.973267758848967,47.9442674232625,"Already crossed",0,-0.0811745813016947,-0.0811745813016947,0.00265226899965966,0.00918689470268749,0.00231001791997062,0.491759824799836,0.484764306291771,0.49911660800662,1,0.491784596872812,0.484943826146538,0.49936501918855,"Stage 3: plateau",17558799,0.0623270720312161,-7.8773473282353,-9.17598247998357,-9.1784596872812,TRUE,"Already crossed (2016)",0,0,0,0.0811745813016947,-0.00918689470268749,17.558799,0.675958503023981,0.67808878279193,0.00213027976794911,-0.0662556140018445,-0.0771232615573726,-0.0557947066866414,-0.0662556140018445,0.0549239533277495
"Cameroon","Central Africa",2018,0.163836351658967,0,NA,NA,NA,NA,NA,0.0236163648341033,0.000285012984519797,0.000242230961034994,0.000331353260853328,0.000893828874637833,0.000763899343151783,0.00103314379321441,0.000334740957875002,0.00470373145329825,0.00994127419341189,0.000334740957875002,4,"Maintain / equity",0.0243496357960458,0.175409351680846,1998,28.3171582825371,0.000241297918279754,"Stage 3: plateau",0.934238263812806,20.3171582825372,"Not projected to cross",2.36163648341033,0.0334740957875002,0.994127419341189,0.0285012984519797,0.0893828874637833,0.0241297918279754,0.173711723188685,0.168707956073576,0.178718454396141,0,0.173974283516182,0.170200554051211,0.180635125400476,"Stage 3: plateau",6935818,0.024619521419512,23.6163648341033,22.6288276811315,22.6025716483818,FALSE,"Not projected",2.36163648341033,2.26288276811315,2.26025716483818,2.32816238762283,2.27225359594655,6.935818,0.145011185737735,0.146380508198469,0.00136932246073417,-0.0384197960649529,-0.0415133384100253,-0.0353950712454536,0,0.001534978644784
"Congo Democratic Republic","Central Africa",2023,0.0989393506970059,0,NA,NA,NA,NA,NA,0.0301060649302994,0.000444691414475815,0.000332947388939876,0.000568975775512697,0.000610840346635541,0.000459841449252636,0.000777738192148736,0.00177281174401292,0.00210847530009272,0.00244413885617252,0.00177281174401292,2,"Maintain / equity",0.0437044745057232,0.101508904745192,2004,22.2985827869829,0.00037851714538018,"Stage 3: plateau",0.975094831125115,19.2985827869828,"Not projected to cross",3.01060649302994,0.177281174401292,0.244413885617252,0.0444691414475815,0.0610840346635541,0.037851714538018,0.0988133110758309,0.0953962483773943,0.102300908925624,0,0.0992240748096005,0.0975083499233797,0.105593526310376,"Stage 3: plateau",23560764,0.0836317697433909,30.1060649302994,30.1186688924169,30.07759251904,FALSE,"Not projected",3.01060649302994,3.01186688924169,3.007759251904,2.83332531862865,2.94952245836639,23.560764,3.06514939931343,3.06589087359143,0.000741474277993466,-0.572807992342782,-0.618976409905763,-0.529172496865317,0,0.153404237924706
"Benin","West Africa",2017,0.116720137394299,0,NA,NA,NA,NA,NA,0.0283279862605701,0.00357671611577808,0.00280150523203629,0.00450271147675539,0.00407727214956455,0.00343487311745265,0.00478577583220682,0.00544303486227996,0.00398392470841538,0.00719359190045148,-0.000201205735519319,4,"Build / monitor",0.458584807492196,0.213962206898084,2015,10.8628641130863,0.00347630679931969,"Stage 2: diffusion",0.548626666712466,1.86286411308635,"Not projected to cross",2.83279862605701,0.544303486227996,0.719359190045148,0.357671611577808,0.407727214956455,0.347630679931969,0.145116062648468,0.135565871137076,0.155731418441574,0,0.1486430770775,0.185533015865938,0.249787461032777,"Stage 2: diffusion",3355286,0.0119099918056657,28.3279862605701,25.4883937351532,25.13569229225,FALSE,"Not projected",2.83279862605701,2.54883937351532,2.513569229225,2.28849513982901,2.42507141110056,3.355286,0.0074730851284213,0.00749714758407076,2.40624556494651e-05,0.0222296458324666,0.0214533881628499,0.0229573968199585,0,0.024660874696463
"Gambia","West Africa",2019,0.122295761745874,0.979333333333333,2056.18663730694,2057.7750246545,2052.02143360924,2073.67126751658,38.7750246545011,0.0277704238254126,0.00799277045823677,0.00726581071102946,0.00846793778398863,0.0065511619312092,0.00614842705123649,0.00688008632695586,0.00953634545446252,0.00953634545446252,0.00953634545446252,0.00953634545446252,1,"Scale-up",0.842872008324662,0.469038491724904,2034,-8.04047087192771,0.00819038078706796,"Stage 2: diffusion",0.261601663383597,-15.0404708719277,"Projected to cross after 2035",2.77704238254126,0.953634545446252,0.953634545446252,0.799277045823677,0.65511619312092,0.819038078706796,0.155852326724999,0.148872827005669,0.162604474873775,0,0.163945286307124,0.404150927164773,0.506481839646029,"Stage 2: diffusion",655206,0.002325732617435,27.7704238254126,24.4147673275001,23.6054713692876,FALSE,"After 2035 (~2056)",2.77704238254126,2.44147673275001,2.36054713692876,1.82340783709501,2.12192618942034,0.655206,0.0438802683134,0.0438855751554541,5.30684205413151e-06,0.0426824264267963,0.0414092434141334,0.0439557797924201,0,0.00818657207366146
